CREATE TABLE tbl_product
(
	id INT UNSIGNED PRIMARY KEY,
    name VARCHAR(120),
    price INT UNSIGNED,
	category varchar(8),
    available bit
);

CREATE TABLE tbl_image
(
    id INT UNSIGNED PRIMARY KEY AUTO_INCREMENT NOT NULL,
    product_id INT UNSIGNED,
    path varchar(100),
    CONSTRAINT FK_ProductImage FOREIGN KEY (product_id) REFERENCES tbl_product(id)
);
   	
CREATE TABLE tbl_user
(
	id INT UNSIGNED PRIMARY KEY AUTO_INCREMENT NOT NULL,
	parent_comment_id INT,
	username varchar(40),
	password varchar(128),
	email varchar(320),
	admin bit
);

CREATE TABLE tbl_comment
(
	id INT UNSIGNED PRIMARY KEY AUTO_INCREMENT NOT NULL,
	product_id INT UNSIGNED,
	user_id INT UNSIGNED,
	content varchar(255),
	timestamp datetime,
    CONSTRAINT FK_ProductComment FOREIGN KEY (product_id) REFERENCES tbl_product(id),
    CONSTRAINT FK_UserComment FOREIGN KEY (user_id) REFERENCES tbl_user(id)
);

CREATE TABLE tbl_description
(
	id INT UNSIGNED PRIMARY KEY AUTO_INCREMENT NOT NULL,
	product_id INT UNSIGNED,
	content varchar(255),
	CONSTRAINT FK_ProductShortDescription FOREIGN KEY (product_id) REFERENCES tbl_product(id)
)

INSERT INTO tbl_product(id, name, price, category, available) VALUES('0', 'Bàn phím quang cơ Gaming DAREU EK810X (WATERPROOF, Optical switch, MULTI LED)', '799000', 'Ban phim', '1');
INSERT INTO tbl_product(id, name, price, category, available) VALUES('1', 'Bàn phím cơ không dây DAREU EK871 71KEY (PBT, Blue/ Brown/ Red D-KAILH switch)', '1399000', 'Ban phim', '1');
INSERT INTO tbl_product(id, name, price, category, available) VALUES('2', 'Bàn phím cơ Gaming DAREU EK8100 100KEY (RGB, Blue/ Brown/ Red D switch)', '990000', 'Ban phim', '1');
INSERT INTO tbl_product(id, name, price, category, available) VALUES('3', 'Bàn phím cơ Gaming DAREU EK884 84KEY (RGB, Blue/ Brown/ Red D switch)', '899000', 'Ban phim', '1');
INSERT INTO tbl_product(id, name, price, category, available) VALUES('4', 'Bàn phím cơ DAREU A87 CHILDHOOD (PBT, Brown/ Red CHERRY switch)', '1799000', 'Ban phim', '1');
INSERT INTO tbl_product(id, name, price, category, available) VALUES('5', 'Bàn phím cơ DAREU A87 SUMMER (PBT, Brown/ Red CHERRY switch)', '1799000', 'Ban phim', '1');
INSERT INTO tbl_product(id, name, price, category, available) VALUES('6', 'Bàn phím cơ DAREU A87 SWALLOW (PBT, Brown/ Red CHERRY switch)', '1799000', 'Ban phim', '1');
INSERT INTO tbl_product(id, name, price, category, available) VALUES('7', 'Bàn phím cơ DAREU A87 DREAM (PBT, Brown/ Red CHERRY switch)', '1799000', 'Ban phim', '1');
INSERT INTO tbl_product(id, name, price, category, available) VALUES('8', 'Bàn phím cơ không dây DAREU EK861 61KEY (PBT, Blue/ Brown/ Red D-KAILH switch)', '1266000', 'Ban phim', '1');
INSERT INTO tbl_product(id, name, price, category, available) VALUES('9', 'Chuột DAREU LM130 (MULTI-LED, USB)', '169000', 'Chuot', '1');
INSERT INTO tbl_product(id, name, price, category, available) VALUES('10', 'Bàn phím cơ Gaming DAREU EK87 WHITE (ICE-BLUE LED, Blue/ Brown/ Red D switch) – Bàn phím màu trắng', '599000', 'Ban phim', '1');
INSERT INTO tbl_product(id, name, price, category, available) VALUES('11', 'Tai nghe DAREU EH722s MAGIC QUEEN', '599000', 'Tai nghe', '1');
INSERT INTO tbl_product(id, name, price, category, available) VALUES('12', 'Tai nghe gaming  DAREU EH416 RGB', '499000', 'Tai nghe', '1');
INSERT INTO tbl_product(id, name, price, category, available) VALUES('13', 'Chuột không dây Gaming DAREU EM901 RGB – PINK (BRAVO ATG4090 sensor)', '649000', 'Chuot', '1');
INSERT INTO tbl_product(id, name, price, category, available) VALUES('14', 'Chuột không dây Gaming DAREU EM905 PRO – Black (LED RGB, BRAVO sensor)', '649000', 'Chuot', '1');
INSERT INTO tbl_product(id, name, price, category, available) VALUES('15', 'Bàn phím cơ Gaming DAREU EK1280 104KEY (RGB, Blue/ Brown/ Red D switch)', '850000', 'Ban phim', '1');
INSERT INTO tbl_product(id, name, price, category, available) VALUES('16', 'Bàn phím DAREU LK185 – Phím mỏng', '1399000', 'Ban phim', '1');
INSERT INTO tbl_product(id, name, price, category, available) VALUES('17', 'Bàn phím cơ Gaming DAREU EK880 87KEY (RGB, Blue/ Brown/ Red D switch)', '799000', 'Ban phim', '1');
INSERT INTO tbl_product(id, name, price, category, available) VALUES('18', 'Bàn phím cơ Gaming DAREU EK169 104KEY (MULTI LED, Blue/ Brown/ Red D switch)', '990000', 'Ban phim', '1');
INSERT INTO tbl_product(id, name, price, category, available) VALUES('19', 'Bàn phím Gaming DAREU LK145 USB', '899000', 'Ban phim', '1');
INSERT INTO tbl_product(id, name, price, category, available) VALUES('20', 'Bàn phím cơ Gaming DAREU EK87 – Black (MULTI-LED, Blue/ Brown/ Red D switch)', '1799000', 'Ban phim', '1');
INSERT INTO tbl_product(id, name, price, category, available) VALUES('21', 'Bàn phím quang cơ Gaming DAREU EK520 (WATERPROOF, Optical switch, MULTI LED)', '1799000', 'Ban phim', '1');
INSERT INTO tbl_product(id, name, price, category, available) VALUES('22', 'Bàn phím DAREU LK135 (Chống nước)', '1799000', 'Ban phim', '1');
INSERT INTO tbl_product(id, name, price, category, available) VALUES('23', 'Bàn phím cơ Gaming DAREU EK810 – Black (MULTI-LED, Blue/ Brown/ Red D switch)', '1799000', 'Ban phim', '1');
INSERT INTO tbl_product(id, name, price, category, available) VALUES('24', 'Bàn phím cơ Gaming DAREU EK810 – Queen (PINK-LED, Blue/ Brown/ Red D switch)', '1266000', 'Ban phim', '1');
INSERT INTO tbl_product(id, name, price, category, available) VALUES('25', 'Bàn phím cơ Gaming DAREU EK145 104KEY (MULTI LED, Blue/ Brown/ Red D switch)', '169000', 'Ban phim', '1');
INSERT INTO tbl_product(id, name, price, category, available) VALUES('26', 'Bàn phím cơ Gaming DAREU EK87 PINK-WHITE (PINK-LED, Blue/ Brown/ Red D switch)', '599000', 'Ban phim', '1');
INSERT INTO tbl_product(id, name, price, category, available) VALUES('27', 'Bàn phím cơ Gaming DAREU EK1280s PINK-WHITE 104KEY (PINK LED, Blue/ Brown/ Red D switch)', '599000', 'Ban phim', '1');
INSERT INTO tbl_product(id, name, price, category, available) VALUES('28', 'Tai nghe DAREU EH469 Black RGB – Màu đen', '499000', 'Tai nghe', '1');
INSERT INTO tbl_product(id, name, price, category, available) VALUES('29', 'Tai nghe không dây DAREU A700 WIRELESS 2.4G', '649000', 'Tai nghe', '1');
INSERT INTO tbl_product(id, name, price, category, available) VALUES('30', 'Tai nghe gaming DAREU EH925S RGB PRO', '850000', 'Tai nghe', '1');
INSERT INTO tbl_product(id, name, price, category, available) VALUES('31', 'Tai nghe DAREU EH722X (BLACK / ARTIC / QUEEN)', '649000', 'Tai nghe', '1');
INSERT INTO tbl_product(id, name, price, category, available) VALUES('32', 'Tai nghe DAREU EH925s RGB Black Red- Micro liền', '749000', 'Tai nghe', '1');
INSERT INTO tbl_product(id, name, price, category, available) VALUES('33', 'Tai nghe DAREU EH925s RGB Black- Micro rời', '169000', 'Tai nghe', '1');
INSERT INTO tbl_product(id, name, price, category, available) VALUES('34', 'Tai nghe DAREU EH925s Queen RGB- Micro rời', '690000', 'Tai nghe', '1');
INSERT INTO tbl_product(id, name, price, category, available) VALUES('35', 'Tai nghe gaming  DAREU EH745 RGB', '359000', 'Tai nghe', '1');
INSERT INTO tbl_product(id, name, price, category, available) VALUES('36', 'Tai nghe DAREU VH350se (jack USB + 3.5)', '890000', 'Tai nghe', '1');
INSERT INTO tbl_product(id, name, price, category, available) VALUES('37', 'Tai nghe không dây DAREU A710 (RGB – WIRELESS 5.8G)', '599000', 'Tai nghe', '1');
INSERT INTO tbl_product(id, name, price, category, available) VALUES('38', 'Tai nghe không dây DAREU D2 (TWS EARBUDS, BT 5.1)', '209000', 'Tai nghe', '1');
INSERT INTO tbl_product(id, name, price, category, available) VALUES('39', 'Tai nghe không dây DAREU D5 ANC (TWS EARBUDS, BT 5.0)', '699000', 'Tai nghe', '1');
INSERT INTO tbl_product(id, name, price, category, available) VALUES('40', 'Chuột không dây Gaming DAREU EM901 RGB – BLACK (BRAVO ATG4090 sensor)', '699000', 'Chuot', '1');
INSERT INTO tbl_product(id, name, price, category, available) VALUES('41', 'Chuột không dây DAREU LM115G Black', '699000', 'Chuot', '1');
INSERT INTO tbl_product(id, name, price, category, available) VALUES('42', 'Chuột không dây DAREU LM115G Pink', '649000', 'Chuot', '1');
INSERT INTO tbl_product(id, name, price, category, available) VALUES('43', 'Chuột Gaming DAREU A960s QUEEN – ULTRALIGHT (HUNTER PWM3336, LED RGB)', '749000', 'Chuot', '1');
INSERT INTO tbl_product(id, name, price, category, available) VALUES('44', 'Chuột không dây Gaming DAREU EM901 RGB – WHITE (BRAVO ATG4090 sensor)', '749000', 'Chuot', '1');
INSERT INTO tbl_product(id, name, price, category, available) VALUES('45', 'Chuột Gaming DAREU A960 – ULTRALIGHT (TRACKER PWM3337, LED RGB)', '599000', 'Chuot', '1');
INSERT INTO tbl_product(id, name, price, category, available) VALUES('46', 'Chuột Gaming DAREU EM908 White (LED RGB, BRAVO sensor)', '1090000', 'Chuot', '1');
INSERT INTO tbl_product(id, name, price, category, available) VALUES('47', 'Chuột Gaming DAREU A960s – ULTRALIGHT (TRACKER PWM3336, LED RGB)', '1090000', 'Chuot', '1');
INSERT INTO tbl_product(id, name, price, category, available) VALUES('48', 'Chuột không dây DAREU LM115G WHITE', '899000', 'Chuot', '1');
INSERT INTO tbl_product(id, name, price, category, available) VALUES('49', 'Chuột không dây Gaming DAREU EM901X RGB – SUPERLIGHT, FAST CHARING DOCK', '899000', 'Chuot', '1');
INSERT INTO tbl_product(id, name, price, category, available) VALUES('50', 'Bàn phím cơ Gaming DAREU EK1280s 104KEY (MULTI LED, Blue/ Brown/ Red D switch)', '899000', 'Ban phim', '1');
INSERT INTO tbl_product(id, name, price, category, available) VALUES('51', 'Chuột không dây DAREU LM103G', '790000', 'Chuot', '1');
INSERT INTO tbl_product(id, name, price, category, available) VALUES('52', 'Chuột không dây DAREU LM115G Multi-Color- Panda', '1490000', 'Chuot', '1');
INSERT INTO tbl_product(id, name, price, category, available) VALUES('53', 'Chuột không dây DAREU LM115G Multi-Color Monkey', '890000', 'Chuot', '1');
INSERT INTO tbl_product(id, name, price, category, available) VALUES('54', 'Chuột không dây DAREU LM115G Multi-Color Lion', '490000', 'Chuot', '1');
INSERT INTO tbl_product(id, name, price, category, available) VALUES('55', 'Chuột không dây DAREU LM115G Multi-Color Sheep', '299000', 'Chuot', '1');
INSERT INTO tbl_product(id, name, price, category, available) VALUES('56', 'Chuột không dây DAREU LM115G Multi-Color Dog', '649000', 'Chuot', '1');
INSERT INTO tbl_product(id, name, price, category, available) VALUES('57', 'Chuột không dây DAREU LM115G Multi-Color Bear', '199000', 'Chuot', '1');
INSERT INTO tbl_product(id, name, price, category, available) VALUES('58', 'Chuột không dây DAREU LM115G Multi-Color Cat', '199000', 'Chuot', '1');
INSERT INTO tbl_product(id, name, price, category, available) VALUES('59', 'Chuột không dây DAREU LM118B (Dual Mode: Bluetooth + 2.4G)', '589000', 'Chuot', '1');
INSERT INTO tbl_product(id, name, price, category, available) VALUES('60', 'Chuột Gaming DAREU EM908 Black (LED RGB, BRAVO sensor)', '649000', 'Chuot', '1');
INSERT INTO tbl_product(id, name, price, category, available) VALUES('61', 'Chuột không dây Gaming DAREU EM905 PRO – PINK (LED RGB, BRAVO sensor)', '559000', 'Chuot', '1');
INSERT INTO tbl_product(id, name, price, category, available) VALUES('62', 'Chuột Gaming DAREU EM908 Queen (LED RGB, BRAVO sensor)', '899000', 'Chuot', '1');
INSERT INTO tbl_product(id, name, price, category, available) VALUES('63', 'Tai nghe DAREU EH469 QUEEN RGB (Kèm CAT EARS) – Màu hồng', '559000', 'Tai nghe', '1');
INSERT INTO tbl_product(id, name, price, category, available) VALUES('64', 'Bàn phím cơ không dây Dareu EK807G BLACK (Blue/ Brown/ Red D switch)', '199000', 'Ban phim', '1');
INSERT INTO tbl_product(id, name, price, category, available) VALUES('65', 'Bàn phím cơ gaming Dareu A98 (Bluetooth 5.0 / Wireless 2.4Ghz / Hotswap / DAREU Blue Sky V3 Switch)', '888000', 'Ban phim', '1');

INSERT INTO tbl_image(product_id, path) VALUES('0', '/Product_Images/ban-phim-co-dareu-ek810x-black-01.jpg');
INSERT INTO tbl_image(product_id, path) VALUES('1', '/Product_Images/ban-phim-co-khong-day-dareu-ek871-01.jpg');
INSERT INTO tbl_image(product_id, path) VALUES('1', '/Product_Images/ban-phim-co-khong-day-dareu-ek871-02.png');
INSERT INTO tbl_image(product_id, path) VALUES('1', '/Product_Images/ban-phim-co-khong-day-dareu-ek871-03.png');
INSERT INTO tbl_image(product_id, path) VALUES('1', '/Product_Images/ban-phim-co-khong-day-dareu-ek871-04.png');
INSERT INTO tbl_image(product_id, path) VALUES('1', '/Product_Images/ban-phim-co-khong-day-dareu-ek871-03.jpg');
INSERT INTO tbl_image(product_id, path) VALUES('1', '/Product_Images/ban-phim-co-khong-day-dareu-ek871-04.jpg');
INSERT INTO tbl_image(product_id, path) VALUES('1', '/Product_Images/ban-phim-co-khong-day-dareu-ek871-07.png');
INSERT INTO tbl_image(product_id, path) VALUES('1', '/Product_Images/ban-phim-co-khong-day-dareu-ek871-08.png');
INSERT INTO tbl_image(product_id, path) VALUES('1', '/Product_Images/ban-phim-co-khong-day-dareu-ek871-09.png');
INSERT INTO tbl_image(product_id, path) VALUES('2', '/Product_Images/ban-phim-co-dareu-ek8100-led-rgb-1.jpg');
INSERT INTO tbl_image(product_id, path) VALUES('2', '/Product_Images/ban-phim-co-dareu-ek8100-led-rgb-2.jpg');
INSERT INTO tbl_image(product_id, path) VALUES('2', '/Product_Images/ban-phim-co-dareu-ek8100-led-rgb-3.jpg');
INSERT INTO tbl_image(product_id, path) VALUES('3', '/Product_Images/ban-phim-gaming-ek884-led-rgb-01.jpg');
INSERT INTO tbl_image(product_id, path) VALUES('3', '/Product_Images/ban-phim-gaming-ek884-led-rgb-02.jpg');
INSERT INTO tbl_image(product_id, path) VALUES('3', '/Product_Images/ban-phim-gaming-ek884-led-rgb-03.jpg');
INSERT INTO tbl_image(product_id, path) VALUES('4', '/Product_Images/ban-phim-co-dareu-A87-child-hood-02.png');
INSERT INTO tbl_image(product_id, path) VALUES('4', '/Product_Images/ban-phim-co-dareu-A87-child-hood-01.png');
INSERT INTO tbl_image(product_id, path) VALUES('4', '/Product_Images/ban-phim-co-dareu-A87-child-hood-03.png');
INSERT INTO tbl_image(product_id, path) VALUES('4', '/Product_Images/ban-phim-co-dareu-A87-child-hood-04.png');
INSERT INTO tbl_image(product_id, path) VALUES('4', '/Product_Images/ban-phim-co-dareu-A87-child-hood-05.png');
INSERT INTO tbl_image(product_id, path) VALUES('4', '/Product_Images/ban-phim-co-dareu-A87-child-hood-06.png');
INSERT INTO tbl_image(product_id, path) VALUES('5', '/Product_Images/ban-phim-co-dareu-a87-summer-01.png');
INSERT INTO tbl_image(product_id, path) VALUES('5', '/Product_Images/ban-phim-co-dareu-a87-summer-03.png');
INSERT INTO tbl_image(product_id, path) VALUES('5', '/Product_Images/ban-phim-co-dareu-a87-summer-04.png');
INSERT INTO tbl_image(product_id, path) VALUES('5', '/Product_Images/ban-phim-co-dareu-a87-summer-05.png');
INSERT INTO tbl_image(product_id, path) VALUES('5', '/Product_Images/ban-phim-co-dareu-a87-summer-06.jpg');
INSERT INTO tbl_image(product_id, path) VALUES('6', '/Product_Images/ban-phim-co-dareu-a87-swallow-03.png');
INSERT INTO tbl_image(product_id, path) VALUES('6', '/Product_Images/ban-phim-co-dareu-a87-swallow-02.png');
INSERT INTO tbl_image(product_id, path) VALUES('6', '/Product_Images/ban-phim-co-dareu-a87-swallow-03.png');
INSERT INTO tbl_image(product_id, path) VALUES('6', '/Product_Images/ban-phim-co-dareu-a87-swallow-04.png');
INSERT INTO tbl_image(product_id, path) VALUES('6', '/Product_Images/ban-phim-co-dareu-a87-swallow-05.jpg');
INSERT INTO tbl_image(product_id, path) VALUES('7', '/Product_Images/ban-phim-co-dareu-a87-dream-01.png');
INSERT INTO tbl_image(product_id, path) VALUES('7', '/Product_Images/ban-phim-co-dareu-a87-dream-02.png');
INSERT INTO tbl_image(product_id, path) VALUES('7', '/Product_Images/ban-phim-co-dareu-a87-dream-03.png');
INSERT INTO tbl_image(product_id, path) VALUES('7', '/Product_Images/ban-phim-co-dareu-a87-dream-04.png');
INSERT INTO tbl_image(product_id, path) VALUES('7', '/Product_Images/ban-phim-co-dareu-a87-dream-06.jpg');
INSERT INTO tbl_image(product_id, path) VALUES('8', '/Product_Images/ban-phim-co-khong-day-dareu-ek861-01.png');
INSERT INTO tbl_image(product_id, path) VALUES('8', '/Product_Images/ban-phim-co-khong-day-dareu-ek861-02.png');
INSERT INTO tbl_image(product_id, path) VALUES('8', '/Product_Images/ban-phim-co-khong-day-dareu-ek861-03.png');
INSERT INTO tbl_image(product_id, path) VALUES('8', '/Product_Images/ban-phim-co-khong-day-dareu-ek861-04.png');
INSERT INTO tbl_image(product_id, path) VALUES('8', '/Product_Images/ban-phim-co-khong-day-dareu-ek861-05.png');
INSERT INTO tbl_image(product_id, path) VALUES('8', '/Product_Images/ban-phim-co-khong-day-dareu-ek861-06.png');
INSERT INTO tbl_image(product_id, path) VALUES('8', '/Product_Images/ban-phim-co-khong-day-dareu-ek861-07.png');
INSERT INTO tbl_image(product_id, path) VALUES('9', '/Product_Images/chuot-gaming-dareu-lm130-multiled-01.jpg');
INSERT INTO tbl_image(product_id, path) VALUES('9', '/Product_Images/chuot-gaming-dareu-lm130-multiled-02.jpg');
INSERT INTO tbl_image(product_id, path) VALUES('10', '/Product_Images/ban-phim-co-gaming-mau-trang-dareu-ek87-white-01.jpg');
INSERT INTO tbl_image(product_id, path) VALUES('10', '/Product_Images/ban-phim-co-gaming-mau-trang-dareu-ek87-white-02.jpg');
INSERT INTO tbl_image(product_id, path) VALUES('11', '/Product_Images/dareu-viet-nam-tai-nghe-eh722s-queen-01.jpg');
INSERT INTO tbl_image(product_id, path) VALUES('11', '/Product_Images/dareu-viet-nam-tai-nghe-eh722s-queen-02.jpg');
INSERT INTO tbl_image(product_id, path) VALUES('12', '/Product_Images/tai-nghe-gaming-dareu-eh416-rgb-01.png');
INSERT INTO tbl_image(product_id, path) VALUES('12', '/Product_Images/tai-nghe-gaming-dareu-eh416-rgb-02.png');
INSERT INTO tbl_image(product_id, path) VALUES('12', '/Product_Images/tai-nghe-gaming-dareu-eh416-rgb-03.png');
INSERT INTO tbl_image(product_id, path) VALUES('12', '/Product_Images/tai-nghe-gaming-dareu-eh416-rgb-04.png');
INSERT INTO tbl_image(product_id, path) VALUES('13', '/Product_Images/chuot-khong-day-gaming-dareu-em901-rgb-pink-01.jpg');
INSERT INTO tbl_image(product_id, path) VALUES('13', '/Product_Images/chuot-khong-day-gaming-dareu-em901-rgb-pink-02.jpg');
INSERT INTO tbl_image(product_id, path) VALUES('13', '/Product_Images/chuot-khong-day-gaming-dareu-em901-rgb-pink-03.jpg');
INSERT INTO tbl_image(product_id, path) VALUES('13', '/Product_Images/chuot-khong-day-gaming-dareu-em901-rgb-pink-04.jpg');
INSERT INTO tbl_image(product_id, path) VALUES('14', '/Product_Images/chuot-khong-day-gaming-dareu-em905-black-01.jpg');
INSERT INTO tbl_image(product_id, path) VALUES('14', '/Product_Images/chuot-khong-day-gaming-dareu-em905-black-02.jpg');
INSERT INTO tbl_image(product_id, path) VALUES('14', '/Product_Images/chuot-khong-day-gaming-dareu-em905-black-03.jpg');
INSERT INTO tbl_image(product_id, path) VALUES('14', '/Product_Images/chuot-khong-day-gaming-dareu-em905-black-04.jpg');
INSERT INTO tbl_image(product_id, path) VALUES('15', '/Product_Images/ban-phim-co-dareu-ek1280-rgb-01.jpg');
INSERT INTO tbl_image(product_id, path) VALUES('15', '/Product_Images/ban-phim-co-dareu-ek1280-rgb-02.jpg');
INSERT INTO tbl_image(product_id, path) VALUES('15', '/Product_Images/ban-phim-co-dareu-ek1280-rgb-03.jpg');
INSERT INTO tbl_image(product_id, path) VALUES('15', '/Product_Images/ban-phim-co-dareu-ek1280-rgb-04.jpg');
INSERT INTO tbl_image(product_id, path) VALUES('16', '/Product_Images/ban-phim-dareu-lk185-02.jpg');
INSERT INTO tbl_image(product_id, path) VALUES('16', '/Product_Images/ban-phim-dareu-lk185-03.jpg');
INSERT INTO tbl_image(product_id, path) VALUES('16', '/Product_Images/ban-phim-dareu-lk185-04.jpg');
INSERT INTO tbl_image(product_id, path) VALUES('16', '/Product_Images/ban-phim-dareu-lk185-05.jpg');
INSERT INTO tbl_image(product_id, path) VALUES('17', '/Product_Images/ban-phim-co-dareu-ek880-rgb-01.jpg');
INSERT INTO tbl_image(product_id, path) VALUES('17', '/Product_Images/ban-phim-co-dareu-ek880-rgb-02.jpg');
INSERT INTO tbl_image(product_id, path) VALUES('17', '/Product_Images/ban-phim-co-dareu-ek880-rgb-03.jpg');
INSERT INTO tbl_image(product_id, path) VALUES('18', '/Product_Images/ban-phim-co-gaming-dareu-ek169-rgb-01.jpg');
INSERT INTO tbl_image(product_id, path) VALUES('18', '/Product_Images/ban-phim-co-gaming-dareu-ek169-rgb-02.jpg');
INSERT INTO tbl_image(product_id, path) VALUES('18', '/Product_Images/ban-phim-co-gaming-dareu-ek169-rgb-03.jpg');
INSERT INTO tbl_image(product_id, path) VALUES('18', '/Product_Images/ban-phim-co-gaming-dareu-ek169-rgb-04.jpg');
INSERT INTO tbl_image(product_id, path) VALUES('18', '/Product_Images/ban-phim-co-gaming-dareu-ek169-rgb-05.jpg');
INSERT INTO tbl_image(product_id, path) VALUES('19', '/Product_Images/ban-phim-gaming-dareu-lk145-01.jpg');
INSERT INTO tbl_image(product_id, path) VALUES('19', '/Product_Images/ban-phim-gaming-dareu-lk145-02.jpg');
INSERT INTO tbl_image(product_id, path) VALUES('19', '/Product_Images/ban-phim-gaming-dareu-lk145-04.jpg');
INSERT INTO tbl_image(product_id, path) VALUES('20', '/Product_Images/ban-phim-co-gaming-dareu-ek87-multiled-01.jpg');
INSERT INTO tbl_image(product_id, path) VALUES('20', '/Product_Images/ban-phim-co-gaming-dareu-ek87-multiled-02.jpg');
INSERT INTO tbl_image(product_id, path) VALUES('20', '/Product_Images/ban-phim-co-gaming-dareu-ek87-multiled-03.jpg');
INSERT INTO tbl_image(product_id, path) VALUES('20', '/Product_Images/ban-phim-co-gaming-dareu-ek87-multiled-04.jpg');
INSERT INTO tbl_image(product_id, path) VALUES('20', '/Product_Images/ban-phim-co-gaming-dareu-ek87-multiled-05.jpg');
INSERT INTO tbl_image(product_id, path) VALUES('20', '/Product_Images/ban-phim-co-gaming-dareu-ek87-multiled-06.jpg');
INSERT INTO tbl_image(product_id, path) VALUES('21', '/Product_Images/ban-phim-co-dareu-ek520-01.jpg');
INSERT INTO tbl_image(product_id, path) VALUES('21', '/Product_Images/ban-phim-co-dareu-ek520-02.jpg');
INSERT INTO tbl_image(product_id, path) VALUES('21', '/Product_Images/ban-phim-co-dareu-ek520-03.jpg');
INSERT INTO tbl_image(product_id, path) VALUES('21', '/Product_Images/ban-phim-co-dareu-ek520-04.jpg');
INSERT INTO tbl_image(product_id, path) VALUES('21', '/Product_Images/ban-phim-co-dareu-ek520-05.jpg');
INSERT INTO tbl_image(product_id, path) VALUES('22', '/Product_Images/ban-phim-chong-nuoc-dare-lk135-01.jpg');
INSERT INTO tbl_image(product_id, path) VALUES('22', '/Product_Images/ban-phim-chong-nuoc-dare-lk135-02.jpg');
INSERT INTO tbl_image(product_id, path) VALUES('23', '/Product_Images/ban-phim-co-dareu-ek810-black-01.jpg');
INSERT INTO tbl_image(product_id, path) VALUES('23', '/Product_Images/ban-phim-co-dareu-ek810-black-02.jpg');
INSERT INTO tbl_image(product_id, path) VALUES('23', '/Product_Images/ban-phim-co-dareu-ek810-black-03.jpg');
INSERT INTO tbl_image(product_id, path) VALUES('23', '/Product_Images/ban-phim-co-dareu-ek810-black-04.jpg');
INSERT INTO tbl_image(product_id, path) VALUES('24', '/Product_Images/ban-phim-co-mau-hong-dareu-ek810-queen-01.jpg');
INSERT INTO tbl_image(product_id, path) VALUES('24', '/Product_Images/ban-phim-co-mau-hong-dareu-ek810-queen-02.jpg');
INSERT INTO tbl_image(product_id, path) VALUES('24', '/Product_Images/ban-phim-co-mau-hong-dareu-ek810-queen-03.jpg');
INSERT INTO tbl_image(product_id, path) VALUES('25', '/Product_Images/ban-phim-co-gaming-dareu-ek145-01.jpg');
INSERT INTO tbl_image(product_id, path) VALUES('25', '/Product_Images/ban-phim-co-gaming-dareu-ek145-02.jpg');
INSERT INTO tbl_image(product_id, path) VALUES('25', '/Product_Images/ban-phim-co-gaming-dareu-ek145-03.jpg');
INSERT INTO tbl_image(product_id, path) VALUES('25', '/Product_Images/ban-phim-co-gaming-dareu-ek145-04.jpg');
INSERT INTO tbl_image(product_id, path) VALUES('25', '/Product_Images/ban-phim-co-gaming-dareu-ek145-05.jpg');
INSERT INTO tbl_image(product_id, path) VALUES('25', '/Product_Images/ban-phim-co-gaming-dareu-ek145-06.jpg');
INSERT INTO tbl_image(product_id, path) VALUES('26', '/Product_Images/ban-phim-co-gaming-dareu-ek87-queen-01.jpg');
INSERT INTO tbl_image(product_id, path) VALUES('26', '/Product_Images/ban-phim-co-gaming-dareu-ek87-queen-03.jpg');
INSERT INTO tbl_image(product_id, path) VALUES('26', '/Product_Images/ban-phim-co-gaming-dareu-ek87-queen-04.jpg');
INSERT INTO tbl_image(product_id, path) VALUES('26', '/Product_Images/ban-phim-co-gaming-dareu-ek87-queen-05.jpg');
INSERT INTO tbl_image(product_id, path) VALUES('26', '/Product_Images/ban-phim-co-gaming-dareu-ek87-queen-06.jpg');
INSERT INTO tbl_image(product_id, path) VALUES('26', '/Product_Images/ban-phim-co-gaming-dareu-ek87-queen-02.jpg');
INSERT INTO tbl_image(product_id, path) VALUES('27', '/Product_Images/ban-phim-co-gaming-dareu-ek1280s-01.jpg');
INSERT INTO tbl_image(product_id, path) VALUES('27', '/Product_Images/ban-phim-co-gaming-dareu-ek1280s-02.jpg');
INSERT INTO tbl_image(product_id, path) VALUES('28', '/Product_Images/tai-nghe-gaming-dareu-eh469-black-01.png');
INSERT INTO tbl_image(product_id, path) VALUES('28', '/Product_Images/tai-nghe-gaming-dareu-eh469-black-02.png');
INSERT INTO tbl_image(product_id, path) VALUES('28', '/Product_Images/tai-nghe-gaming-dareu-eh469-black-04.png');
INSERT INTO tbl_image(product_id, path) VALUES('28', '/Product_Images/tai-nghe-gaming-dareu-eh469-black-05.png');
INSERT INTO tbl_image(product_id, path) VALUES('29', '/Product_Images/tai-nghe-khong-day-dareu-a700.png');
INSERT INTO tbl_image(product_id, path) VALUES('29', '/Product_Images/tai-nghe-khong-day-dareu-a700-02.png');
INSERT INTO tbl_image(product_id, path) VALUES('29', '/Product_Images/tai-nghe-khong-day-dareu-a700-03.png');
INSERT INTO tbl_image(product_id, path) VALUES('29', '/Product_Images/tai-nghe-khong-day-dareu-a700-04.png');
INSERT INTO tbl_image(product_id, path) VALUES('29', '/Product_Images/tai-nghe-khong-day-dareu-a700-05.jpg');
INSERT INTO tbl_image(product_id, path) VALUES('30', '/Product_Images/tai-nghe-gaming-dareu-eh925s-pro-02.png');
INSERT INTO tbl_image(product_id, path) VALUES('30', '/Product_Images/tai-nghe-gaming-dareu-eh925s-pro-01.png');
INSERT INTO tbl_image(product_id, path) VALUES('30', '/Product_Images/tai-nghe-gaming-dareu-eh925s-pro-03.png');
INSERT INTO tbl_image(product_id, path) VALUES('30', '/Product_Images/tai-nghe-gaming-dareu-eh925s-pro-04.png');
INSERT INTO tbl_image(product_id, path) VALUES('31', '/Product_Images/tai-nghe-dareu-EH722X.jpg');
INSERT INTO tbl_image(product_id, path) VALUES('31', '/Product_Images/tai-nghe-gaming-eh722x-03.png');
INSERT INTO tbl_image(product_id, path) VALUES('31', '/Product_Images/tai-nghe-gaming-eh722x-02.png');
INSERT INTO tbl_image(product_id, path) VALUES('31', '/Product_Images/tai-nghe-gaming-eh722x-01.png');
INSERT INTO tbl_image(product_id, path) VALUES('32', '/Product_Images/tai-nghe-gaming-dareu-eh925-black-red-01.jpg');
INSERT INTO tbl_image(product_id, path) VALUES('32', '/Product_Images/tai-nghe-gaming-dareu-eh925-black-red-02.jpg');
INSERT INTO tbl_image(product_id, path) VALUES('33', '/Product_Images/tai-nghe-gaming-dareu-eh925s-01.jpg');
INSERT INTO tbl_image(product_id, path) VALUES('33', '/Product_Images/tai-nghe-gaming-dareu-eh925s-02.jpg');
INSERT INTO tbl_image(product_id, path) VALUES('34', '/Product_Images/tai-nghe-gaming-dareu-eh925s-queen-01.png');
INSERT INTO tbl_image(product_id, path) VALUES('34', '/Product_Images/tai-nghe-gaming-dareu-eh925s-queen-02.jpg');
INSERT INTO tbl_image(product_id, path) VALUES('35', '/Product_Images/tai-nghe-gaming-dareu-eh745-red-01.png');
INSERT INTO tbl_image(product_id, path) VALUES('35', '/Product_Images/tai-nghe-gaming-dareu-eh745-red-02.png');
INSERT INTO tbl_image(product_id, path) VALUES('35', '/Product_Images/tai-nghe-gaming-dareu-eh745-red-03.png');
INSERT INTO tbl_image(product_id, path) VALUES('35', '/Product_Images/tai-nghe-gaming-dareu-eh745-red-04.png');
INSERT INTO tbl_image(product_id, path) VALUES('36', '/Product_Images/tai-nghe-gaming-dareu-vh350se-01.jpg');
INSERT INTO tbl_image(product_id, path) VALUES('36', '/Product_Images/tai-nghe-gaming-dareu-vh350se-02.jpg');
INSERT INTO tbl_image(product_id, path) VALUES('37', '/Product_Images/tai-nghe-khong-day-a710-rgb-wireless-02.jpg');
INSERT INTO tbl_image(product_id, path) VALUES('37', '/Product_Images/tai-nghe-khong-day-a710-rgb-wireless-01.jpg');
INSERT INTO tbl_image(product_id, path) VALUES('37', '/Product_Images/tai-nghe-khong-day-a710-rgb-wireless-03.jpg');
INSERT INTO tbl_image(product_id, path) VALUES('37', '/Product_Images/tai-nghe-khong-day-a710-rgb-wireless-04.jpg');
INSERT INTO tbl_image(product_id, path) VALUES('37', '/Product_Images/tai-nghe-khong-day-a710-rgb-wireless-05.jpg');
INSERT INTO tbl_image(product_id, path) VALUES('37', '/Product_Images/tai-nghe-khong-day-a710-rgb-wireless-06.jpg');
INSERT INTO tbl_image(product_id, path) VALUES('37', '/Product_Images/tai-nghe-khong-day-a710-rgb-wireless-07.jpg');
INSERT INTO tbl_image(product_id, path) VALUES('38', '/Product_Images/tai-nghe-khong-day-d2-bluetooth-03.png');
INSERT INTO tbl_image(product_id, path) VALUES('38', '/Product_Images/tai-nghe-khong-day-d2-bluetooth-01.jpg');
INSERT INTO tbl_image(product_id, path) VALUES('38', '/Product_Images/tai-nghe-khong-day-d2-bluetooth-02.png');
INSERT INTO tbl_image(product_id, path) VALUES('38', '/Product_Images/tai-nghe-khong-day-d2-bluetooth-04.png');
INSERT INTO tbl_image(product_id, path) VALUES('38', '/Product_Images/tai-nghe-khong-day-d2-bluetooth-05.png');
INSERT INTO tbl_image(product_id, path) VALUES('38', '/Product_Images/tai-nghe-khong-day-d2-bluetooth-06.png');
INSERT INTO tbl_image(product_id, path) VALUES('38', '/Product_Images/tai-nghe-khong-day-d2-bluetooth-07.png');
INSERT INTO tbl_image(product_id, path) VALUES('38', '/Product_Images/tai-nghe-khong-day-d2-bluetooth-08.png');
INSERT INTO tbl_image(product_id, path) VALUES('38', '/Product_Images/tai-nghe-khong-day-d2-bluetooth-09.png');
INSERT INTO tbl_image(product_id, path) VALUES('38', '/Product_Images/tai-nghe-khong-day-d2-bluetooth-10.png');
INSERT INTO tbl_image(product_id, path) VALUES('38', '/Product_Images/tai-nghe-khong-day-d2-bluetooth-11.jpg');
INSERT INTO tbl_image(product_id, path) VALUES('39', '/Product_Images/Tai-nghe-khong-day-dareu-d5-anc-08.jpg');
INSERT INTO tbl_image(product_id, path) VALUES('39', '/Product_Images/Tai-nghe-khong-day-dareu-d5-anc-01.jpg');
INSERT INTO tbl_image(product_id, path) VALUES('39', '/Product_Images/Tai-nghe-khong-day-dareu-d5-anc-02.png');
INSERT INTO tbl_image(product_id, path) VALUES('39', '/Product_Images/Tai-nghe-khong-day-dareu-d5-anc-03.png');
INSERT INTO tbl_image(product_id, path) VALUES('39', '/Product_Images/Tai-nghe-khong-day-dareu-d5-anc-04.png');
INSERT INTO tbl_image(product_id, path) VALUES('39', '/Product_Images/Tai-nghe-khong-day-dareu-d5-anc-05.png');
INSERT INTO tbl_image(product_id, path) VALUES('40', '/Product_Images/chuot-khong-day-gaming-dareu-em901-rgb-01.jpg');
INSERT INTO tbl_image(product_id, path) VALUES('40', '/Product_Images/chuot-khong-day-gaming-dareu-em901-rgb-03.jpg');
INSERT INTO tbl_image(product_id, path) VALUES('40', '/Product_Images/chuot-khong-day-gaming-dareu-em901-rgb-02.jpg');
INSERT INTO tbl_image(product_id, path) VALUES('40', '/Product_Images/chuot-khong-day-gaming-dareu-em901-rgb-04.jpg');
INSERT INTO tbl_image(product_id, path) VALUES('41', '/Product_Images/chuot-khong-day-dareu-lm115g-01.jpg');
INSERT INTO tbl_image(product_id, path) VALUES('41', '/Product_Images/chuot-khong-day-dareu-lm115g-02.jpg');
INSERT INTO tbl_image(product_id, path) VALUES('41', '/Product_Images/chuot-khong-day-dareu-lm115g-03.jpg');
INSERT INTO tbl_image(product_id, path) VALUES('41', '/Product_Images/chuot-khong-day-dareu-lm115g-04.png');
INSERT INTO tbl_image(product_id, path) VALUES('42', '/Product_Images/chuot-khong-day-dareu-lm115g-pink-01.png');
INSERT INTO tbl_image(product_id, path) VALUES('42', '/Product_Images/chuot-khong-day-dareu-lm115g-pink-02.png');
INSERT INTO tbl_image(product_id, path) VALUES('42', '/Product_Images/chuot-khong-day-dareu-lm115g-pink-03.png');
INSERT INTO tbl_image(product_id, path) VALUES('42', '/Product_Images/chuot-khong-day-dareu-lm115g-pink-04.png');
INSERT INTO tbl_image(product_id, path) VALUES('43', '/Product_Images/chuot-gaming-dareu-a960s-queen-01.png');
INSERT INTO tbl_image(product_id, path) VALUES('43', '/Product_Images/chuot-gaming-dareu-a960s-queen-02.jpg');
INSERT INTO tbl_image(product_id, path) VALUES('44', '/Product_Images/chuot-khong-day-gaming-em901-white-051.jpg');
INSERT INTO tbl_image(product_id, path) VALUES('44', '/Product_Images/chuot-khong-day-gaming-em901-white-01.jpg');
INSERT INTO tbl_image(product_id, path) VALUES('44', '/Product_Images/chuot-khong-day-gaming-em901-white-03.png');
INSERT INTO tbl_image(product_id, path) VALUES('45', '/Product_Images/chuot-gaming-sieu-nhe-dareu-a960-black-banner.jpg');
INSERT INTO tbl_image(product_id, path) VALUES('45', '/Product_Images/chuot-gaming-sieu-nhe-dareu-a960-black-02.png');
INSERT INTO tbl_image(product_id, path) VALUES('45', '/Product_Images/chuot-gaming-sieu-nhe-dareu-a960-black-03.png');
INSERT INTO tbl_image(product_id, path) VALUES('45', '/Product_Images/chuot-gaming-sieu-nhe-dareu-a960-black-04.png');
INSERT INTO tbl_image(product_id, path) VALUES('45', '/Product_Images/chuot-gaming-sieu-nhe-dareu-a960-yellow-02.png');
INSERT INTO tbl_image(product_id, path) VALUES('45', '/Product_Images/chuot-gaming-sieu-nhe-dareu-a960-yellow-03.png');
INSERT INTO tbl_image(product_id, path) VALUES('45', '/Product_Images/chuot-gaming-sieu-nhe-dareu-a960-yellow-04.gif');
INSERT INTO tbl_image(product_id, path) VALUES('46', '/Product_Images/13552.png');
INSERT INTO tbl_image(product_id, path) VALUES('46', '/Product_Images/chuo-gaming-dareu-em908-white-rgb-02.png');
INSERT INTO tbl_image(product_id, path) VALUES('46', '/Product_Images/chuo-gaming-dareu-em908-white-rgb-03.png');
INSERT INTO tbl_image(product_id, path) VALUES('46', '/Product_Images/chuo-gaming-dareu-em908-white-rgb-04.png');
INSERT INTO tbl_image(product_id, path) VALUES('46', '/Product_Images/chuo-gaming-dareu-em908-white-rgb-05.png');
INSERT INTO tbl_image(product_id, path) VALUES('46', '/Product_Images/chuo-gaming-dareu-em908-white-rgb-06.jpg');
INSERT INTO tbl_image(product_id, path) VALUES('47', '/Product_Images/chuot-gaming-sieu-nhe-dareu-a960-black-01.png');
INSERT INTO tbl_image(product_id, path) VALUES('47', '/Product_Images/chuot-gaming-sieu-nhe-dareu-a960-black-02.png');
INSERT INTO tbl_image(product_id, path) VALUES('47', '/Product_Images/chuot-gaming-sieu-nhe-dareu-a960-black-03.png');
INSERT INTO tbl_image(product_id, path) VALUES('47', '/Product_Images/chuot-gaming-sieu-nhe-dareu-a960-black-04.png');
INSERT INTO tbl_image(product_id, path) VALUES('48', '/Product_Images/chuot-khong-day-lm115h-white-01.png');
INSERT INTO tbl_image(product_id, path) VALUES('48', '/Product_Images/chuot-khong-day-lm115h-white-02.jpg');
INSERT INTO tbl_image(product_id, path) VALUES('49', '/Product_Images/chuot-khong-day-gaming-dareu-em901x-01.jpg');
INSERT INTO tbl_image(product_id, path) VALUES('49', '/Product_Images/chuot-khong-day-gaming-dareu-em901x-02.png');
INSERT INTO tbl_image(product_id, path) VALUES('49', '/Product_Images/chuot-khong-day-gaming-dareu-em901x-dock.jpg');
INSERT INTO tbl_image(product_id, path) VALUES('49', '/Product_Images/chuot-khong-day-gaming-dareu-em901x-dock-02.jpg');
INSERT INTO tbl_image(product_id, path) VALUES('49', '/Product_Images/chuot-khong-day-gaming-dareu-em901x-dock-03.jpg');
INSERT INTO tbl_image(product_id, path) VALUES('50', '/Product_Images/ban-phim-co-dareu-ek1280s-multiled-01.jpg');
INSERT INTO tbl_image(product_id, path) VALUES('50', '/Product_Images/ban-phim-co-dareu-ek1280s-multiled-02.jpg');
INSERT INTO tbl_image(product_id, path) VALUES('50', '/Product_Images/ban-phim-co-dareu-ek1280s-multiled-03.jpg');
INSERT INTO tbl_image(product_id, path) VALUES('51', '/Product_Images/chuot-khong-day-dareu-lm103g-01.jpg');
INSERT INTO tbl_image(product_id, path) VALUES('51', '/Product_Images/chuot-khong-day-dareu-lm103g-02.jpg');
INSERT INTO tbl_image(product_id, path) VALUES('51', '/Product_Images/chuot-khong-day-dareu-lm103g-04.jpg');
INSERT INTO tbl_image(product_id, path) VALUES('51', '/Product_Images/chuot-khong-day-dareu-lm103g-03.jpg');
INSERT INTO tbl_image(product_id, path) VALUES('51', '/Product_Images/chuot-khong-day-dareu-lm103g-05.jpg');
INSERT INTO tbl_image(product_id, path) VALUES('52', '/Product_Images/chuot-khong-day-dareu-lm115g-panda-01.jpg');
INSERT INTO tbl_image(product_id, path) VALUES('52', '/Product_Images/chuot-khong-day-dareu-lm115g-panda-02.jpg');
INSERT INTO tbl_image(product_id, path) VALUES('52', '/Product_Images/chuot-khong-day-dareu-lm115g-panda-03.jpg');
INSERT INTO tbl_image(product_id, path) VALUES('52', '/Product_Images/chuot-khong-day-dareu-lm115g-panda-04.jpg');
INSERT INTO tbl_image(product_id, path) VALUES('53', '/Product_Images/chuot-khong-day-dareu-lm115g-monkey-01.jpg');
INSERT INTO tbl_image(product_id, path) VALUES('53', '/Product_Images/chuot-khong-day-dareu-lm115g-monkey-02.jpg');
INSERT INTO tbl_image(product_id, path) VALUES('53', '/Product_Images/chuot-khong-day-dareu-lm115g-monkey-03.jpg');
INSERT INTO tbl_image(product_id, path) VALUES('53', '/Product_Images/chuot-khong-day-dareu-lm115g-monkey-04.jpg');
INSERT INTO tbl_image(product_id, path) VALUES('53', '/Product_Images/chuot-khong-day-dareu-lm115g-monkey-05.jpg');
INSERT INTO tbl_image(product_id, path) VALUES('54', '/Product_Images/chuot-khong-day-dareu-lm115g-lion-01.jpg');
INSERT INTO tbl_image(product_id, path) VALUES('54', '/Product_Images/chuot-khong-day-dareu-lm115g-lion-02.jpg');
INSERT INTO tbl_image(product_id, path) VALUES('54', '/Product_Images/chuot-khong-day-dareu-lm115g-lion-03.jpg');
INSERT INTO tbl_image(product_id, path) VALUES('54', '/Product_Images/chuot-khong-day-dareu-lm115g-lion-04.jpg');
INSERT INTO tbl_image(product_id, path) VALUES('54', '/Product_Images/chuot-khong-day-dareu-lm115g-lion-05.jpg');
INSERT INTO tbl_image(product_id, path) VALUES('55', '/Product_Images/chuot-may-tinh-khong-day-dareu-lm115g-sheep-pink-01.jpg');
INSERT INTO tbl_image(product_id, path) VALUES('55', '/Product_Images/chuot-may-tinh-khong-day-dareu-lm115g-sheep-pink-02.jpg');
INSERT INTO tbl_image(product_id, path) VALUES('55', '/Product_Images/chuot-may-tinh-khong-day-dareu-lm115g-sheep-pink-03.jpg');
INSERT INTO tbl_image(product_id, path) VALUES('55', '/Product_Images/chuot-may-tinh-khong-day-dareu-lm115g-sheep-pink-04.jpg');
INSERT INTO tbl_image(product_id, path) VALUES('55', '/Product_Images/chuot-may-tinh-khong-day-dareu-lm115g-sheep-pink-05.jpg');
INSERT INTO tbl_image(product_id, path) VALUES('56', '/Product_Images/chuot-khong-day-dareu-lm115g-dog-01.jpg');
INSERT INTO tbl_image(product_id, path) VALUES('56', '/Product_Images/chuot-khong-day-dareu-lm115g-dog-02.jpg');
INSERT INTO tbl_image(product_id, path) VALUES('56', '/Product_Images/chuot-khong-day-dareu-lm115g-dog-03.jpg');
INSERT INTO tbl_image(product_id, path) VALUES('56', '/Product_Images/chuot-khong-day-dareu-lm115g-dog-04.jpg');
INSERT INTO tbl_image(product_id, path) VALUES('56', '/Product_Images/chuot-khong-day-dareu-lm115g-dog-05.jpg');
INSERT INTO tbl_image(product_id, path) VALUES('57', '/Product_Images/chuot-khong-day-dareu-lm115g-bear-01.jpg');
INSERT INTO tbl_image(product_id, path) VALUES('57', '/Product_Images/chuot-khong-day-dareu-lm115g-bear-02.jpg');
INSERT INTO tbl_image(product_id, path) VALUES('57', '/Product_Images/chuot-khong-day-dareu-lm115g-bear-04.jpg');
INSERT INTO tbl_image(product_id, path) VALUES('57', '/Product_Images/chuot-khong-day-dareu-lm115g-bear-05.jpg');
INSERT INTO tbl_image(product_id, path) VALUES('57', '/Product_Images/chuot-khong-day-dareu-lm115g-bear-03.jpg');
INSERT INTO tbl_image(product_id, path) VALUES('58', '/Product_Images/chuot-khong-day-dareu-lm115g-cat-01.jpg');
INSERT INTO tbl_image(product_id, path) VALUES('58', '/Product_Images/chuot-khong-day-dareu-lm115g-cat-02.jpg');
INSERT INTO tbl_image(product_id, path) VALUES('58', '/Product_Images/chuot-khong-day-dareu-lm115g-cat-03.jpg');
INSERT INTO tbl_image(product_id, path) VALUES('58', '/Product_Images/chuot-khong-day-dareu-lm115g-cat-04.jpg');
INSERT INTO tbl_image(product_id, path) VALUES('58', '/Product_Images/chuot-khong-day-dareu-lm115g-cat-05.jpg');
INSERT INTO tbl_image(product_id, path) VALUES('59', '/Product_Images/chuot-khong-day-dareu-lm118b-black-01.jpg');
INSERT INTO tbl_image(product_id, path) VALUES('59', '/Product_Images/chuot-khong-day-dareu-lm118b-black-02.jpg');
INSERT INTO tbl_image(product_id, path) VALUES('59', '/Product_Images/chuot-khong-day-dareu-lm118b-black-03.jpg');
INSERT INTO tbl_image(product_id, path) VALUES('59', '/Product_Images/chuot-khong-day-dareu-lm118b-black-04.jpg');
INSERT INTO tbl_image(product_id, path) VALUES('60', '/Product_Images/chuot-gaming-dareu-em-908-rgb-01.jpg');
INSERT INTO tbl_image(product_id, path) VALUES('60', '/Product_Images/chuot-gaming-dareu-em-908-rgb-02.jpg');
INSERT INTO tbl_image(product_id, path) VALUES('60', '/Product_Images/chuot-gaming-dareu-em-908-rgb-03.jpg');
INSERT INTO tbl_image(product_id, path) VALUES('60', '/Product_Images/chuot-gaming-dareu-em-908-rgb-04.jpg');
INSERT INTO tbl_image(product_id, path) VALUES('61', '/Product_Images/chuot-khong-day-gaming-dareu-em905-pink-01.jpg');
INSERT INTO tbl_image(product_id, path) VALUES('61', '/Product_Images/chuot-khong-day-gaming-dareu-em905-pink-02.jpg');
INSERT INTO tbl_image(product_id, path) VALUES('61', '/Product_Images/chuot-khong-day-gaming-dareu-em905-pink-03.jpg');
INSERT INTO tbl_image(product_id, path) VALUES('61', '/Product_Images/chuot-khong-day-gaming-dareu-em905-pink-04.jpg');
INSERT INTO tbl_image(product_id, path) VALUES('62', '/Product_Images/chuot-gaming-dareu-em908-queen-01.jpg');
INSERT INTO tbl_image(product_id, path) VALUES('62', '/Product_Images/chuot-gaming-dareu-em908-queen-02.jpg');
INSERT INTO tbl_image(product_id, path) VALUES('62', '/Product_Images/chuot-gaming-dareu-em908-queen-03.jpg');
INSERT INTO tbl_image(product_id, path) VALUES('62', '/Product_Images/chuot-gaming-dareu-em908-queen-04.jpg');
INSERT INTO tbl_image(product_id, path) VALUES('63', '/Product_Images/tai-nghe-gaming-dareu-eh469-queen-01.png');
INSERT INTO tbl_image(product_id, path) VALUES('63', '/Product_Images/tai-nghe-gaming-dareu-eh469-queen-02.png');
INSERT INTO tbl_image(product_id, path) VALUES('63', '/Product_Images/tai-nghe-gaming-dareu-eh469-queen-03.png');
INSERT INTO tbl_image(product_id, path) VALUES('63', '/Product_Images/tai-nghe-gaming-dareu-eh469-queen-04.png');
INSERT INTO tbl_image(product_id, path) VALUES('64', '/Product_Images/ban-phim-co-khong-day-gia-re-dareu-ek807G-01.jpg');
INSERT INTO tbl_image(product_id, path) VALUES('64', '/Product_Images/ban-phim-co-khong-day-gia-re-dareu-ek807G-02.jpg');
INSERT INTO tbl_image(product_id, path) VALUES('64', '/Product_Images/ban-phim-co-khong-day-gia-re-dareu-ek807G-03.jpg');
INSERT INTO tbl_image(product_id, path) VALUES('64', '/Product_Images/ban-phim-co-khong-day-gia-re-dareu-ek807G-04.jpg');
INSERT INTO tbl_image(product_id, path) VALUES('64', '/Product_Images/ban-phim-co-khong-day-gia-re-dareu-ek807G-05.jpg');
INSERT INTO tbl_image(product_id, path) VALUES('65', '/Product_Images/ban-phim-co-dareu-a98-rgb-01.jpg');
INSERT INTO tbl_image(product_id, path) VALUES('65', '/Product_Images/ban-phim-co-dareu-a98-rgb-04.jpg');
INSERT INTO tbl_image(product_id, path) VALUES('65', '/Product_Images/ban-phim-co-dareu-a98-rgb-03.jpg');
INSERT INTO tbl_image(product_id, path) VALUES('65', '/Product_Images/ban-phim-co-dareu-a98-rgb-02.jpg');
INSERT INTO tbl_image(product_id, path) VALUES('65', '/Product_Images/ban-phim-co-dareu-a98-rgb-05.jpg');


INSERT INTO tbl_description(product_id, content) VALUE('0', 'Sử dụng switch Quang học cao cấp');
INSERT INTO tbl_description(product_id, content) VALUE('0', 'Chống nước tuyệt đối');
INSERT INTO tbl_description(product_id, content) VALUE('0', 'Cổng kết nối USB');
INSERT INTO tbl_description(product_id, content) VALUE('1', 'Layout：71Key');
INSERT INTO tbl_description(product_id, content) VALUE('1', 'Key Cap:PBT+Thermal sublimation');
INSERT INTO tbl_description(product_id, content) VALUE('1', 'Switch :Kaih');
INSERT INTO tbl_description(product_id, content) VALUE('1', 'Driver： Yes');
INSERT INTO tbl_description(product_id, content) VALUE('1', 'Battery:1900mah');
INSERT INTO tbl_description(product_id, content) VALUE('1', 'Key Conflict ：N-Key Rollover');
INSERT INTO tbl_description(product_id, content) VALUE('1', 'LED Light：White Backlight');
INSERT INTO tbl_description(product_id, content) VALUE('2', 'RGB Mechanical Keyboard');
INSERT INTO tbl_description(product_id, content) VALUE('2', 'Dây Type C tháo rời');
INSERT INTO tbl_description(product_id, content) VALUE('3', 'Layout 84Key');
INSERT INTO tbl_description(product_id, content) VALUE('3', 'Switch Dareu chính hãng');
INSERT INTO tbl_description(product_id, content) VALUE('3', 'Cổng USB TypeC tháo rời');
INSERT INTO tbl_description(product_id, content) VALUE('3', 'Led RGB');
INSERT INTO tbl_description(product_id, content) VALUE('4', 'Keycap Childhood độc đáo');
INSERT INTO tbl_description(product_id, content) VALUE('4', 'Sử dụng Cherry switch cao cấp');
INSERT INTO tbl_description(product_id, content) VALUE('4', 'Dây kết nối USB Type-C có thể tháo rời');
INSERT INTO tbl_description(product_id, content) VALUE('5', 'Keycap Summer độc đáo');
INSERT INTO tbl_description(product_id, content) VALUE('5', 'Sử dụng Cherry switch cao cấp');
INSERT INTO tbl_description(product_id, content) VALUE('5', 'Dây kết nối USB Type-C có thể tháo rời');
INSERT INTO tbl_description(product_id, content) VALUE('6', 'Keycap SWALLOW độc đáo');
INSERT INTO tbl_description(product_id, content) VALUE('6', 'Sử dụng Cherry switch cao cấp');
INSERT INTO tbl_description(product_id, content) VALUE('6', 'Dây kết nối USB Type-C có thể tháo rời');
INSERT INTO tbl_description(product_id, content) VALUE('7', 'Keycap Dream độc đáo');
INSERT INTO tbl_description(product_id, content) VALUE('7', 'Sử dụng Cherry switch cao cấp');
INSERT INTO tbl_description(product_id, content) VALUE('7', 'Dây kết nối USB Type-C có thể tháo rời');
INSERT INTO tbl_description(product_id, content) VALUE('8', 'Layout：61Key');
INSERT INTO tbl_description(product_id, content) VALUE('8', 'Key Cap:PBT+Thermal sublimation');
INSERT INTO tbl_description(product_id, content) VALUE('8', 'Switch :Kaih');
INSERT INTO tbl_description(product_id, content) VALUE('8', 'Driver： Yes');
INSERT INTO tbl_description(product_id, content) VALUE('8', 'Battery:1900mah');
INSERT INTO tbl_description(product_id, content) VALUE('8', 'Key Conflict ：N-Key Rollover');
INSERT INTO tbl_description(product_id, content) VALUE('8', 'LED Light：White Backlight');
INSERT INTO tbl_description(product_id, content) VALUE('9', 'Sensor: PAN3512');
INSERT INTO tbl_description(product_id, content) VALUE('9', 'DPI: 1000');
INSERT INTO tbl_description(product_id, content) VALUE('9', 'Polling rate: 100Hz');
INSERT INTO tbl_description(product_id, content) VALUE('9', 'Switch: Huano (10 triệu lần click)');
INSERT INTO tbl_description(product_id, content) VALUE('10', 'ICE-BLUE LED');
INSERT INTO tbl_description(product_id, content) VALUE('10', 'Mechanical Keyboard');
INSERT INTO tbl_description(product_id, content) VALUE('10', '87 key');
INSERT INTO tbl_description(product_id, content) VALUE('10', '“”D”” switch: Blue/ Brown/ Red');
INSERT INTO tbl_description(product_id, content) VALUE('10', 'Bảo hành: 24 tháng');
INSERT INTO tbl_description(product_id, content) VALUE('11', 'Hỗ trợ giả lập 7.1');
INSERT INTO tbl_description(product_id, content) VALUE('11', 'Frequency Range: 20Hz-20KHz');
INSERT INTO tbl_description(product_id, content) VALUE('11', 'Kết nối USB');
INSERT INTO tbl_description(product_id, content) VALUE('12', 'Hiệu ứng: giả lập 7.1');
INSERT INTO tbl_description(product_id, content) VALUE('12', 'Kết nối USB');
INSERT INTO tbl_description(product_id, content) VALUE('12', 'Led RGB');
INSERT INTO tbl_description(product_id, content) VALUE('13', 'DPI: 600-6000');
INSERT INTO tbl_description(product_id, content) VALUE('13', 'Thời gian sử dụng: 30h / 18h LED RGB');
INSERT INTO tbl_description(product_id, content) VALUE('13', 'Switch: DareU (10 triệu lần click)');
INSERT INTO tbl_description(product_id, content) VALUE('14', 'Sensor: BRAVO (ATG4090)');
INSERT INTO tbl_description(product_id, content) VALUE('14', 'DPI: 800-6400');
INSERT INTO tbl_description(product_id, content) VALUE('14', 'Tracking: 150IPS');
INSERT INTO tbl_description(product_id, content) VALUE('14', 'Dung lượng PIN: 930 mAh');
INSERT INTO tbl_description(product_id, content) VALUE('15', 'RGB Mechanical Keyboard 104 key');
INSERT INTO tbl_description(product_id, content) VALUE('15', '“”D”” switch: Blue/ Brown/ Red');
INSERT INTO tbl_description(product_id, content) VALUE('15', 'N-key rollover: yes');
INSERT INTO tbl_description(product_id, content) VALUE('15', 'Keycap: ABS');
INSERT INTO tbl_description(product_id, content) VALUE('15', 'Dây: 1.8m');
INSERT INTO tbl_description(product_id, content) VALUE('16', 'Membrane Keyboard');
INSERT INTO tbl_description(product_id, content) VALUE('16', 'Slim Profile – phím mỏng');
INSERT INTO tbl_description(product_id, content) VALUE('16', '104 key');
INSERT INTO tbl_description(product_id, content) VALUE('16', 'Dây: 1.8m');
INSERT INTO tbl_description(product_id, content) VALUE('16', 'Bảo hành: 24 tháng');
INSERT INTO tbl_description(product_id, content) VALUE('17', 'RGB Mechanical Keyboard');
INSERT INTO tbl_description(product_id, content) VALUE('17', '87 key');
INSERT INTO tbl_description(product_id, content) VALUE('17', '“”D”” switch: Blue/ Brown/ Red');
INSERT INTO tbl_description(product_id, content) VALUE('17', 'N-key rollover: yes');
INSERT INTO tbl_description(product_id, content) VALUE('17', 'Bảo hành: 24 tháng');
INSERT INTO tbl_description(product_id, content) VALUE('18', 'MULTI LED COLOR');
INSERT INTO tbl_description(product_id, content) VALUE('18', 'Mechanical Keyboard');
INSERT INTO tbl_description(product_id, content) VALUE('18', '104 key');
INSERT INTO tbl_description(product_id, content) VALUE('18', '“”D”” switch: Blue / Brown / Red');
INSERT INTO tbl_description(product_id, content) VALUE('18', 'Bảo hành: 24 tháng');
INSERT INTO tbl_description(product_id, content) VALUE('19', 'MULTI LED COLOR');
INSERT INTO tbl_description(product_id, content) VALUE('19', 'Membrane Keyboard');
INSERT INTO tbl_description(product_id, content) VALUE('19', '104 key');
INSERT INTO tbl_description(product_id, content) VALUE('19', 'Bảo hành: 24 tháng');
INSERT INTO tbl_description(product_id, content) VALUE('20', 'MULTI LED COLOR');
INSERT INTO tbl_description(product_id, content) VALUE('20', 'Mechanical Keyboard');
INSERT INTO tbl_description(product_id, content) VALUE('20', '87 key');
INSERT INTO tbl_description(product_id, content) VALUE('20', '“”D”” switch: Blue/ Brown/ Red');
INSERT INTO tbl_description(product_id, content) VALUE('20', 'Bảo hành: 24 tháng');
INSERT INTO tbl_description(product_id, content) VALUE('21', 'Interface：PC USB port');
INSERT INTO tbl_description(product_id, content) VALUE('21', 'Layout：104 KEY （US）');
INSERT INTO tbl_description(product_id, content) VALUE('21', 'Key Cap:ABS Two-colored injection');
INSERT INTO tbl_description(product_id, content) VALUE('21', 'Switch :Optical Switch');
INSERT INTO tbl_description(product_id, content) VALUE('22', 'Kiểu: Bàn phím thường');
INSERT INTO tbl_description(product_id, content) VALUE('22', 'Kiểu kết nối: Có dây');
INSERT INTO tbl_description(product_id, content) VALUE('22', 'Kích thước: Full size');
INSERT INTO tbl_description(product_id, content) VALUE('22', 'Màu sắc: Đen');
INSERT INTO tbl_description(product_id, content) VALUE('23', 'MULTI LED COLOR');
INSERT INTO tbl_description(product_id, content) VALUE('23', 'Mechanical Keyboard 104 key');
INSERT INTO tbl_description(product_id, content) VALUE('23', '“”D”” switch: Blue / Brown / Red');
INSERT INTO tbl_description(product_id, content) VALUE('23', 'N-key rollover: yes');
INSERT INTO tbl_description(product_id, content) VALUE('23', 'Dây: 1.8m');
INSERT INTO tbl_description(product_id, content) VALUE('24', 'PINK-LED COLOR');
INSERT INTO tbl_description(product_id, content) VALUE('24', 'Mechanical Keyboard 104 key');
INSERT INTO tbl_description(product_id, content) VALUE('24', '“”D”” switch: Blue / Brown / Red');
INSERT INTO tbl_description(product_id, content) VALUE('24', 'N-key rollover: yes');
INSERT INTO tbl_description(product_id, content) VALUE('24', 'Dây: 1.8m');
INSERT INTO tbl_description(product_id, content) VALUE('25', 'MULTI LED COLOR');
INSERT INTO tbl_description(product_id, content) VALUE('25', 'Mechanical Keyboard');
INSERT INTO tbl_description(product_id, content) VALUE('25', '104 key');
INSERT INTO tbl_description(product_id, content) VALUE('25', '“”D”” switch: Blue / Brown / Red');
INSERT INTO tbl_description(product_id, content) VALUE('25', 'Bề mặt kim loại');
INSERT INTO tbl_description(product_id, content) VALUE('26', 'interface：PC USB port');
INSERT INTO tbl_description(product_id, content) VALUE('26', 'Layout：87 KEY （US）');
INSERT INTO tbl_description(product_id, content) VALUE('26', 'Key Cap:ABS Two-colored injection');
INSERT INTO tbl_description(product_id, content) VALUE('27', 'MULTI LED COLOR');
INSERT INTO tbl_description(product_id, content) VALUE('27', 'Mechanical Keyboard');
INSERT INTO tbl_description(product_id, content) VALUE('27', '104 key');
INSERT INTO tbl_description(product_id, content) VALUE('29', 'Kết nối không dây Wireless with 2.4G lên đến 10m');
INSERT INTO tbl_description(product_id, content) VALUE('29', 'Pin 930mAh đáp ứng nhu câu 12h liên tục');
INSERT INTO tbl_description(product_id, content) VALUE('29', 'Micro tháo rời');
INSERT INTO tbl_description(product_id, content) VALUE('30', 'Hỗ trợ giả lập 7.1');
INSERT INTO tbl_description(product_id, content) VALUE('30', 'Led RGB');
INSERT INTO tbl_description(product_id, content) VALUE('30', 'Micro có thể tháo rời');
INSERT INTO tbl_description(product_id, content) VALUE('32', 'Hiệu ứng: giả lập 7.1');
INSERT INTO tbl_description(product_id, content) VALUE('32', 'Kết nối: USB');
INSERT INTO tbl_description(product_id, content) VALUE('32', 'Micro liền');
INSERT INTO tbl_description(product_id, content) VALUE('33', 'Hiệu ứng: giả lập 7.1');
INSERT INTO tbl_description(product_id, content) VALUE('33', 'Kết nối: USB');
INSERT INTO tbl_description(product_id, content) VALUE('33', 'Micro tháo rời');
INSERT INTO tbl_description(product_id, content) VALUE('34', 'Hiệu ứng: giả lập 7.1');
INSERT INTO tbl_description(product_id, content) VALUE('34', 'Kết nối: USB');
INSERT INTO tbl_description(product_id, content) VALUE('34', 'Micro tháo rời');
INSERT INTO tbl_description(product_id, content) VALUE('35', 'Hỗ trợ âm thanh vòm 7.1');
INSERT INTO tbl_description(product_id, content) VALUE('35', 'Led RGB');
INSERT INTO tbl_description(product_id, content) VALUE('35', 'Kết nối cổng  USB');
INSERT INTO tbl_description(product_id, content) VALUE('36', 'Kết nối jack 3.5');
INSERT INTO tbl_description(product_id, content) VALUE('36', 'Dây dài: 2.4m');
INSERT INTO tbl_description(product_id, content) VALUE('37', 'Pin: 1.400 mAh – Thời gian sạc: 4h');
INSERT INTO tbl_description(product_id, content) VALUE('37', 'Đáp ứng nhu cầu dùng 12-14h liên tục');
INSERT INTO tbl_description(product_id, content) VALUE('37', 'Kết nối wireless, Type C, Jack 3.5mm');
INSERT INTO tbl_description(product_id, content) VALUE('38', 'Tai nghe TWS Earbuds – BLUETOOTH 5.1');
INSERT INTO tbl_description(product_id, content) VALUE('38', 'Chống nước IPX4');
INSERT INTO tbl_description(product_id, content) VALUE('38', 'Pin: 400 mAh');
INSERT INTO tbl_description(product_id, content) VALUE('38', 'Thời gian sử dụng: 3h ~ 5h');
INSERT INTO tbl_description(product_id, content) VALUE('39', 'ANC (Active Noise Cancelling) – Chống ồn chủ động');
INSERT INTO tbl_description(product_id, content) VALUE('39', 'Pin case: 400 mAh');
INSERT INTO tbl_description(product_id, content) VALUE('39', 'Thời gian sử dụng: 3h ~ 5h');
INSERT INTO tbl_description(product_id, content) VALUE('40', 'DPI: 600-6000');
INSERT INTO tbl_description(product_id, content) VALUE('40', 'Thời gian sử dụng: 30h / 18h LED RGB');
INSERT INTO tbl_description(product_id, content) VALUE('40', 'Switch: DareU (10 triệu lần click)');
INSERT INTO tbl_description(product_id, content) VALUE('41', 'Connection Type: wireless with 2.4G');
INSERT INTO tbl_description(product_id, content) VALUE('41', 'Khoảng cách sử dụng lên đến 10M');
INSERT INTO tbl_description(product_id, content) VALUE('41', 'DPI: 800/1200(Default)/1600');
INSERT INTO tbl_description(product_id, content) VALUE('42', 'Connection Type: wireless with 2.4G');
INSERT INTO tbl_description(product_id, content) VALUE('42', 'Khoảng cách sử dụng lên đến 10M');
INSERT INTO tbl_description(product_id, content) VALUE('42', 'DPI: 800/1200(Default)/1600');
INSERT INTO tbl_description(product_id, content) VALUE('43', 'DPI: 800-12.000');
INSERT INTO tbl_description(product_id, content) VALUE('43', 'Tracking: 150IPS');
INSERT INTO tbl_description(product_id, content) VALUE('43', 'Trọng lượng: 65g ULTRALIGH');
INSERT INTO tbl_description(product_id, content) VALUE('44', 'DPI: 600-6000');
INSERT INTO tbl_description(product_id, content) VALUE('44', 'Thời gian sử dụng: 30h / 18h LED RGB');
INSERT INTO tbl_description(product_id, content) VALUE('44', 'Switch: DareU (10 triệu lần click)');
INSERT INTO tbl_description(product_id, content) VALUE('45', 'DPI: 800-18.000');
INSERT INTO tbl_description(product_id, content) VALUE('45', 'Tracking: 420IPS');
INSERT INTO tbl_description(product_id, content) VALUE('45', 'Trọng lượng: 65g ULTRALIGHT');
INSERT INTO tbl_description(product_id, content) VALUE('46', 'Connection Type: Wired with USB');
INSERT INTO tbl_description(product_id, content) VALUE('46', 'Sensor：ATG4090');
INSERT INTO tbl_description(product_id, content) VALUE('46', 'DPI: 600-6000');
INSERT INTO tbl_description(product_id, content) VALUE('46', 'Tùy chỉnh led với Driver riêng');
INSERT INTO tbl_description(product_id, content) VALUE('47', 'DPI: 800-12.000');
INSERT INTO tbl_description(product_id, content) VALUE('47', 'Tracking: 150 IPS');
INSERT INTO tbl_description(product_id, content) VALUE('47', 'Trọng lượng: 65g ULTRALIGHT');
INSERT INTO tbl_description(product_id, content) VALUE('48', 'Connection Type: wireless with 2.4G');
INSERT INTO tbl_description(product_id, content) VALUE('48', 'Khoảng cách sử dụng lên đến 10M');
INSERT INTO tbl_description(product_id, content) VALUE('48', 'DPI: 800/1200(Default)/1600');
INSERT INTO tbl_description(product_id, content) VALUE('49', 'Dock sạc đi kèm tiện dụng');
INSERT INTO tbl_description(product_id, content) VALUE('49', 'Kết nối Wireless 2.4Ghz');
INSERT INTO tbl_description(product_id, content) VALUE('49', 'DPI: 800-60 – Tracking: 150IPS');
INSERT INTO tbl_description(product_id, content) VALUE('50', 'MULTI LED COLOR');
INSERT INTO tbl_description(product_id, content) VALUE('50', 'Mechanical Keyboard');
INSERT INTO tbl_description(product_id, content) VALUE('50', '104 key');
INSERT INTO tbl_description(product_id, content) VALUE('50', '“”D”” switch: Blue / Brown / Red');
INSERT INTO tbl_description(product_id, content) VALUE('50', 'N-key rollover: yes');
INSERT INTO tbl_description(product_id, content) VALUE('50', 'Dây: 1.8m');
INSERT INTO tbl_description(product_id, content) VALUE('51', 'Sensor: PAW3512');
INSERT INTO tbl_description(product_id, content) VALUE('51', 'Sóng 2.4G');
INSERT INTO tbl_description(product_id, content) VALUE('51', 'DPI: 800-1200-1600');
INSERT INTO tbl_description(product_id, content) VALUE('51', 'Kích thước: 107*59*38mm');
INSERT INTO tbl_description(product_id, content) VALUE('51', 'Pin: 01* AA');
INSERT INTO tbl_description(product_id, content) VALUE('52', 'Connection Type: wireless with 2.4G');
INSERT INTO tbl_description(product_id, content) VALUE('52', 'Use Distance :Over 10M (No shielding)');
INSERT INTO tbl_description(product_id, content) VALUE('52', 'Working Power：6mA（MAX）');
INSERT INTO tbl_description(product_id, content) VALUE('52', 'Gấu Panda');
INSERT INTO tbl_description(product_id, content) VALUE('53', 'Connection Type: wireless with 2.4G');
INSERT INTO tbl_description(product_id, content) VALUE('53', 'Use Distance :Over 10M (No shielding)');
INSERT INTO tbl_description(product_id, content) VALUE('53', 'Working Power：6mA（MAX）');
INSERT INTO tbl_description(product_id, content) VALUE('53', 'Hình Monkey');
INSERT INTO tbl_description(product_id, content) VALUE('54', 'Connection Type: wireless with 2.4G');
INSERT INTO tbl_description(product_id, content) VALUE('54', 'Use Distance :Over 10M (No shielding)');
INSERT INTO tbl_description(product_id, content) VALUE('54', 'Working Power：6mA（MAX');
INSERT INTO tbl_description(product_id, content) VALUE('54', 'Hình Sư tử');
INSERT INTO tbl_description(product_id, content) VALUE('55', 'Connection Type: wireless with 2.4G');
INSERT INTO tbl_description(product_id, content) VALUE('55', 'Use Distance :Over 10M (No shielding)');
INSERT INTO tbl_description(product_id, content) VALUE('55', 'Working Power：6mA（MAX）');
INSERT INTO tbl_description(product_id, content) VALUE('56', 'Connection Type: wireless with 2.4G');
INSERT INTO tbl_description(product_id, content) VALUE('56', 'Use Distance :Over 10M (No shielding)');
INSERT INTO tbl_description(product_id, content) VALUE('56', 'Working Power：6mA（MAX');
INSERT INTO tbl_description(product_id, content) VALUE('56', 'Hình con chó');
INSERT INTO tbl_description(product_id, content) VALUE('57', 'Connection Type: wireless with 2.4G');
INSERT INTO tbl_description(product_id, content) VALUE('57', 'Use Distance :Over 10M (No shielding)');
INSERT INTO tbl_description(product_id, content) VALUE('57', 'Working Power：6mA（MAX');
INSERT INTO tbl_description(product_id, content) VALUE('57', 'Hình Gấu');
INSERT INTO tbl_description(product_id, content) VALUE('58', 'Connection Type: wireless with 2.4G');
INSERT INTO tbl_description(product_id, content) VALUE('58', 'Use Distance :Over 10M (No shielding)');
INSERT INTO tbl_description(product_id, content) VALUE('58', 'Working Power：6mA（MAX');
INSERT INTO tbl_description(product_id, content) VALUE('58', 'Hình con Mèo');
INSERT INTO tbl_description(product_id, content) VALUE('59', 'Sensor: PAW3512');
INSERT INTO tbl_description(product_id, content) VALUE('59', 'Dual Mode: Bluetooth + 2.4G');
INSERT INTO tbl_description(product_id, content) VALUE('59', 'DPI: 800-1200-1600');
INSERT INTO tbl_description(product_id, content) VALUE('60', 'Connection Type: Wired with USB');
INSERT INTO tbl_description(product_id, content) VALUE('60', 'Sensor：ATG4090');
INSERT INTO tbl_description(product_id, content) VALUE('60', 'DPI: 600-6000');
INSERT INTO tbl_description(product_id, content) VALUE('60', 'Tùy chỉnh led với Driver riêng');
INSERT INTO tbl_description(product_id, content) VALUE('61', 'Sensor: BRAVO (ATG4090)');
INSERT INTO tbl_description(product_id, content) VALUE('61', 'DPI: 800-6400');
INSERT INTO tbl_description(product_id, content) VALUE('61', 'Tracking: 150IPS');
INSERT INTO tbl_description(product_id, content) VALUE('61', 'Dung lượng PIN: 930 mAh');
INSERT INTO tbl_description(product_id, content) VALUE('62', 'Connection Type: Wired with USB');
INSERT INTO tbl_description(product_id, content) VALUE('62', 'Sensor：ATG4090');
INSERT INTO tbl_description(product_id, content) VALUE('62', 'DPI: 600-6000');
INSERT INTO tbl_description(product_id, content) VALUE('62', 'Tùy chỉnh led với Driver riêng');
INSERT INTO tbl_description(product_id, content) VALUE('63', 'Kèm sẵn tai mèo');
INSERT INTO tbl_description(product_id, content) VALUE('64', 'Bàn phím không dây');
INSERT INTO tbl_description(product_id, content) VALUE('64', 'Kết nối 2.4G');
INSERT INTO tbl_description(product_id, content) VALUE('64', 'Keycap: ABS Doubleshot');


INSERT INTO tbl_user(username, password, email, admin) VALUES ('admin','admin','oanhphuc9699@gmail.com','1');
INSERT INTO tbl_user(username,password,email,admin) VALUES ("Tran Dinh Duc", "123123", "ductran.8399@gmail.com", 0);
